Rhode Island,RI
Georgia,GA
North Dakota,ND
Louisiana,LA
Alaska,AK
Washington,WA
New Mexico,NM
Massachusetts,MA
Utah,UT
Mississippi,MS
United States Virgin Islands,VI
Texas,TX
West Virginia,WV
Puerto Rico,PR
New Jersey,NJ
Hawaii,HI
Pennsylvania,PA
South Dakota,SD
Tennessee,TN
Delaware,DE
District of Columbia,DC
Missouri,MO
Florida,FL
Connecticut,CT
Maryland,MD
Wyoming,WY
Nebraska,NE
Oregon,OR
Idaho,ID
Kentucky,KY
Colorado,CO
Minnesota,MN
Iowa,IA
American Samoa,AS
Maine,ME
Michigan,MI
Kansas,KS
Guam,GU
Arizona,AZ
South Carolina,SC
Nevada,NV
Ohio,OH
Virginia,VA
Indiana,IN
Commonwealth of the Northern Mariana Islands,MP
Oklahoma,OK
Illinois,IL
Montana,MT
New Hampshire,NH
Arkansas,AR
Wisconsin,WI
Alabama,AL
Vermont,VT
North Carolina,NC
New York,NY